Workbook

Sheet Executive Summary
A1: DAIKIBO INDUSTRIALS - FORENSIC PAY EQUALITY AUDIT
A4: Audit Classification Breakdown
A6: Classification Tier | B6: Equality Score Range | C6: Criteria / Tolerance | D6: Employee Count | E6: % of Total Workforce | F6: Action Required
A7: Fair | B7: -10 to +10 | C7: Standard Operational Tolerance | D7: =COUNTIF('Equality Table Data'!I2:I17, "Fair") -> 9 | E7: =D7/COUNTA('Equality Table Data'!I2:I17) -> 0.5625 | F7: Maintain ongoing tracking
A8: Unfair | B8: -19 to -11 OR +11 to +19 | C8: Moderate Disparity Range | D8: =COUNTIF('Equality Table Data'!I2:I17, "Unfair") -> 2 | E8: =D8/COUNTA('Equality Table Data'!I2:I17) -> 0.125 | F8: Review in next annual cycle
A9: Highly Discriminative | B9: <= -20 OR >= +20 | C9: Severe Outlier Disparity | D9: =COUNTIF('Equality Table Data'!I2:I17, "Highly Discriminative") -> 5 | E9: =D9/COUNTA('Equality Table Data'!I2:I17) -> 0.3125 | F9: Immediate executive salary audit

Sheet Equality Table Data
A1: Employee ID | B1: Factory Location | C1: Department | D1: Job Role | E1: Gender | F1: Years of Experience | G1: Base Salary (USD) | H1: Equality Score | I1: Equality Class
A2: 1001 | B2: Meiyo (Tokyo) | C2: Executive | D2: C-Level Executive | E2: Female | F2: 18 | G2: 220000 | H2: -31.5 | I2: =IF(AND(H2>=-10, H2<=10), "Fair", IF(OR(H2<=-20, H2>=20), "Highly Discriminative", "Unfair")) -> Highly Discriminative
A3: 1002 | B3: Meiyo (Tokyo) | C3: Operations | D3: Senior Manager | E3: Female | F3: 14 | G3: 135000 | H3: -22.4 | I3: =IF(AND(H3>=-10, H3<=10), "Fair", IF(OR(H3<=-20, H3>=20), "Highly Discriminative", "Unfair")) -> Highly Discriminative
A4: 1003 | B4: Meiyo (Tokyo) | C4: Engineering | D4: Lead Engineer | E4: Male | F4: 9 | G4: 92000 | H4: -5.2 | I4: =IF(AND(H4>=-10, H4<=10), "Fair", IF(OR(H4<=-20, H4>=20), "Highly Discriminative", "Unfair")) -> Fair
A5: 1004 | B5: Meiyo (Tokyo) | C5: Engineering | D5: Junior Engineer | E5: Male | F5: 2 | G5: 62000 | H5: 3.8 | I5: =IF(AND(H5>=-10, H5<=10), "Fair", IF(OR(H5<=-20, H5>=20), "Highly Discriminative", "Unfair")) -> Fair
A6: 1005 | B6: Seiko (Osaka) | C6: Executive | D6: VP of Operations | E6: Female | F6: 16 | G6: 195000 | H6: -28 | I6: =IF(AND(H6>=-10, H6<=10), "Fair", IF(OR(H6<=-20, H6>=20), "Highly Discriminative", "Unfair")) -> Highly Discriminative
A7: 1006 | B7: Seiko (Osaka) | C7: Engineering | D7: Senior Manager | E7: Female | F7: 12 | G7: 128000 | H7: -21.1 | I7: =IF(AND(H7>=-10, H7<=10), "Fair", IF(OR(H7<=-20, H7>=20), "Highly Discriminative", "Unfair")) -> Highly Discriminative
A8: 1007 | B8: Seiko (Osaka) | C8: Assembly | D8: Shop Floor Supervisor | E8: Male | F8: 8 | G8: 74000 | H8: -12.5 | I8: =IF(AND(H8>=-10, H8<=10), "Fair", IF(OR(H8<=-20, H8>=20), "Highly Discriminative", "Unfair")) -> Unfair
A9: 1008 | B9: Seiko (Osaka) | C9: Assembly | D9: Machine Operator | E9: Male | F9: 4 | G9: 48000 | H9: 1.2 | I9: =IF(AND(H9>=-10, H9<=10), "Fair", IF(OR(H9<=-20, H9>=20), "Highly Discriminative", "Unfair")) -> Fair
A10: 1009 | B10: Berlin | C10: Operations | D10: Regional Director | E10: Female | F10: 15 | G10: 175000 | H10: -18.5 | I10: =IF(AND(H10>=-10, H10<=10), "Fair", IF(OR(H10<=-20, H10>=20), "Highly Discriminative", "Unfair")) -> Unfair
A11: 1010 | B11: Berlin | C11: Engineering | D11: Lead Engineer | E11: Male | F11: 10 | G11: 88000 | H11: -4 | I11: =IF(AND(H11>=-10, H11<=10), "Fair", IF(OR(H11<=-20, H11>=20), "Highly Discriminative", "Unfair")) -> Fair
A12: 1011 | B12: Berlin | C12: Maintenance | D12: Senior Technician | E12: Female | F12: 6 | G12: 58000 | H12: -8.1 | I12: =IF(AND(H12>=-10, H12<=10), "Fair", IF(OR(H12<=-20, H12>=20), "Highly Discriminative", "Unfair")) -> Fair
A13: 1012 | B13: Berlin | C13: Maintenance | D13: Field Technician | E13: Male | F13: 3 | G13: 51000 | H13: 2.4 | I13: =IF(AND(H13>=-10, H13<=10), "Fair", IF(OR(H13<=-20, H13>=20), "Highly Discriminative", "Unfair")) -> Fair
... A17: 1016 | B17: Shenzhen | C17: Assembly | D17: Machine Operator | E17: Male | F17: 2 | G17: 42000 | H17: 0.8 | I17: =IF(AND(H17>=-10, H17<=10), "Fair", IF(OR(H17<=-20, H17>=20), "Highly Discriminative", "Unfair")) -> Fair
